{
  "plugin": "full_report_generator",
  "status": "complete",
  "summary": {
    "total_records": 3,
    "field_type_counts": {
      "email": 1,
      "bar_number": 1,
      "firm_name": 1
    },
    "plugin_counts": {
      "unknown": 3
    },
    "strongest_fields": {},
    "score_distribution": [
      0,
      0,
      0
    ],
    "incomplete_records": 3,
    "average_score": 0.0,
    "completeness_rate": 0.0
  },
  "audit": {
    "plugin": "audit_score_matrix_generator",
    "total_records": 3,
    "severity_counts": {},
    "plugin_errors": {},
    "field_errors": {}
  },
  "trend": {
    "total_runs": 3,
    "field_trend": {},
    "plugin_trend": {}
  },
  "health": {
    "plugin": "template_health_flagger",
    "flagged": 3,
    "total": 3,
    "summary": [
      {
        "type": "email",
        "value": "jane@example.com",
        "plugin": "mock_plugin",
        "score": 0,
        "severity": "none",
        "health": "fragile"
      },
      {
        "type": "bar_number",
        "value": "12345",
        "plugin": "mock_plugin",
        "score": 0,
        "severity": "none",
        "health": "fragile"
      },
      {
        "type": "firm_name",
        "value": "Smith LLP",
        "plugin": "mock_plugin",
        "score": 0,
        "severity": "none",
        "health": "fragile"
      }
    ]
  }
}