[
  {
    "name": "record_field_validator_v3",
    "type": "validator",
    "module": "validators.record_field_validator_v3",
    "enabled": true
  },
  {
    "name": "bar_number_format_validator",
    "type": "validator",
    "module": "validators.bar_number_format_validator",
    "enabled": true
  },
  {
    "name": "firm_name_matcher",
    "type": "validator",
    "module": "validators.firm_name_matcher",
    "enabled": true
  },
  {
    "name": "audit_score_matrix_generator",
    "type": "analytics",
    "module": "analytics.audit_score_matrix_generator",
    "enabled": true
  },
  {
    "name": "template_health_flagger",
    "type": "analytics",
    "module": "analytics.template_health_flagger",
    "enabled": true
  },
  {
    "name": "full_report_generator",
    "type": "analytics",
    "module": "analytics.full_report_generator",
    "enabled": true
  },
  {
    "name": "trend_dashboard_stub",
    "type": "analytics",
    "module": "analytics.trend_dashboard_stub",
    "enabled": true
  }
]
